Name;Email;Phone
Alice Johnson;alice.johnson@example.com;+1-202-555-0101
Bob Smith;bob.smith@example.com;+1-202-555-0102
Carol Martinez;carol.martinez@example.com;+1-202-555-0103
David Lee;david.lee@example.com;+1-202-555-0104
Emma Brown;emma.brown@example.com;+1-202-555-0105
Frank Wilson;frank.wilson@example.com;+1-202-555-0106
Grace Kim;grace.kim@example.com;+1-202-555-0107
Henry Clark;henry.clark@example.com;+1-202-555-0108
Isabella Moore;isabella.moore@example.com;+1-202-555-0109
Jack Turner;jack.turner@example.com;+1-202-555-0110
Kara Hughes;kara.hughes@example.com;+1-202-555-0111
Liam Walker;liam.walker@example.com;+1-202-555-0112
Mia Hall;mia.hall@example.com;+1-202-555-0113
Noah Allen;noah.allen@example.com;+1-202-555-0114
Olivia Scott;olivia.scott@example.com;+1-202-555-0115
Paul Adams;paul.adams@example.com;+1-202-555-0116
Quincy Young;quincy.young@example.com;+1-202-555-0117
Rachel King;rebecca.king@example.com;+1-202-555-0118
Samuel Wright;samuel.wright@example.com;+1-202-555-0119
Tina Rivera;tina.rivera@example.com;+1-202-555-0120
Uma Patel;uma.patel@example.com;+1-202-555-0121
Victor Torres;victor.torres@example.com;+1-202-555-0122
Wendy Ramirez;wendy.ramirez@example.com;+1-202-555-0123
Xavier Price;xavier.price@example.com;+1-202-555-0124
Yara Simmons;yara.simmons@example.com;+1-202-555-0125
Zach Foster;zach.foster@example.com;+1-202-555-0126
Ava Bell;ava.bell@example.com;+1-202-555-0127
Blake Cooper;blake.cooper@example.com;+1-202-555-0128
Chloe Ward;chloe.ward@example.com;+1-202-555-0129
Dylan Hughes;dylan.hughes@example.com;+1-202-555-0130
Ella Murphy;ella.murphy@example.com;+1-202-555-0131
Finn Morgan;finn.morgan@example.com;+1-202-555-0132
Gianna Perry;gianna.perry@example.com;+1-202-555-0133
Harper Jenkins;harper.jenkins@example.com;+1-202-555-0134
Ian Brooks;ian.brooks@example.com;+1-202-555-0135
Julia Sanders;julia.sanders@example.com;+1-202-555-0136
Kyle Ross;kyle.ross@example.com;+1-202-555-0137
Lily Reed;lily.reed@example.com;+1-202-555-0138
Mason Cox;mason.cox@example.com;+1-202-555-0139
Nora Barnes;nora.barnes@example.com;+1-202-555-0140
Owen Perry;owen.perry@example.com;+1-202-555-0141
Piper Flores;piper.flores@example.com;+1-202-555-0142
Quinn Rogers;quinn.rogers@example.com;+1-202-555-0143
Riley Fisher;riley.fisher@example.com;+1-202-555-0144
Sophie Greene;sophie.greene@example.com;+1-202-555-0145
Theo Chapman;theo.chapman@example.com;+1-202-555-0146
Violet Stone;violet.stone@example.com;+1-202-555-0147
Wyatt Bates;wyatt.bates@example.com;+1-202-555-0148
Zoe Harper;zoe.harper@example.com;+1-202-555-0149
